datetime,equal_weight_close
2015-12-08,52.444572024875214
2015-12-09,52.0189077589247
2015-12-10,51.64987670050727
2015-12-11,50.15307278103299
2015-12-14,49.90052964952257
2015-12-15,50.71911366780599
2015-12-16,50.87855105929904
2015-12-17,51.40531561109755
2015-12-18,50.86563915676541
2015-12-21,51.0461179945204
2015-12-22,50.76966094970703
2015-12-23,51.95452880859375
2015-12-28,51.64165433247884
2015-12-29,52.06873681810167
2015-12-30,51.82682906256782
2016-01-04,50.256767908732094
2016-01-05,49.73722796969943
2016-01-07,49.02092255486382
2016-01-08,48.301385243733726
2016-01-11,48.38239563835992
2016-01-12,48.58418061998155
2016-01-13,49.019255956014
2016-01-14,48.245992236667206
2016-01-15,46.6213313208686
2016-01-18,46.691526624891495
2016-01-19,47.43896081712511
2016-01-20,45.74292310078939
2016-01-21,46.68750233120389
2016-01-22,48.769927978515625
2016-01-25,48.34773423936632
2016-01-26,49.37107785542806
2016-01-27,48.49593077765571
2016-01-28,47.1164362165663
2016-01-29,47.835721757676865
2016-02-01,47.07424757215712
2016-02-02,46.15247599283854
2016-02-03,45.88587612575955
2016-02-04,47.77038998074002
2016-02-05,47.909394370185005
2016-02-08,45.93748982747396
2016-02-09,45.91836844550239
2016-02-10,46.886601554022896
2016-02-11,44.904684914482964
2016-02-12,46.49916288587782
2016-02-15,48.24732356601291
2016-02-16,48.04088020324707
2016-02-17,49.80287212795682
2016-02-18,49.48995696173774
2016-02-19,49.173839781019424
2016-02-22,50.40050591362847
2016-02-23,49.729167726304794
2016-02-24,48.2141965230306
2016-02-25,49.253951178656685
2016-02-26,49.69514910380045
2016-02-29,49.80945587158203
2016-03-01,50.477742513020836
2016-03-02,50.35105514526367
2016-03-03,50.862067540486656
2016-03-04,51.27343432108561
2016-03-07,51.09145991007487
2016-03-08,50.650999281141495
2016-03-09,50.86234135097928
2016-03-10,50.36767281426324
2016-03-11,51.61783938937717
2016-03-14,51.77006742689345
2016-03-15,50.98906686570909
2016-03-16,50.63568305969238
2016-03-17,50.87336031595866
2016-03-18,50.971776750352646
2016-03-21,50.48013051350912
2016-03-22,50.81620958116319
2016-03-23,50.619754791259766
2016-03-24,49.67589441935221
2016-03-29,49.65048133002387
2016-03-30,50.94434716966417
2016-03-31,50.55635558234321
2016-04-01,50.47044478522407
2016-04-04,50.58911238776313
2016-04-05,49.51732042100694
2016-04-06,50.01684061686198
2016-04-07,49.48406113518609
2016-04-08,50.770264307657875
2016-04-11,50.98599433898926
2016-04-12,50.80563227335612
2016-04-13,52.077696058485245
2016-04-14,51.97853639390733
2016-04-15,51.88776546054416
2016-04-18,51.75198067559136
2016-04-19,52.989483727349175
2016-04-20,53.33318053351508
2016-04-21,52.547973208957245
2016-04-22,52.38264910380045
2016-04-25,52.08561706542969
2016-04-26,51.98705715603299
2016-04-27,51.68811374240451
2016-04-28,51.7457389831543
2016-04-29,50.441932890150284
2016-05-02,50.19378789265951
2016-05-03,49.387920167711044
2016-05-04,48.84576500786675
2016-05-06,48.485369788275825
2016-05-09,48.963852140638565
2016-05-10,49.14969444274902
2016-05-11,49.092766231960724
2016-05-12,48.652077780829536
2016-05-13,49.15475993686252
2016-05-16,49.74500062730577
2016-05-17,49.71823077731662
2016-05-18,50.04756164550781
2016-05-19,49.39122708638509
2016-05-20,50.22991689046224
2016-05-23,50.22365633646647
2016-05-24,50.727617263793945
2016-05-25,51.36369811164008
2016-05-26,51.55897903442383
2016-05-27,51.59038882785373
2016-05-30,51.575704998440216
2016-05-31,51.246638192070854
2016-06-01,50.71612040201823
2016-06-02,50.91721386379666
2016-06-03,50.40641615125868
2016-06-07,51.28447045220269
2016-06-08,51.063867780897354
2016-06-09,50.53833770751953
2016-06-10,49.32422807481554
2016-06-13,48.5646906958686
2016-06-14,47.66356383429633
2016-06-15,48.83778105841743
2016-06-16,47.88092401292589
2016-06-17,48.80533684624566
2016-06-20,50.42619175381131
2016-06-21,50.83857112460666
2016-06-22,51.19438446892632
2016-06-23,51.18141089545356
2016-06-27,46.0941653781467
2016-06-28,47.21594534979926
2016-06-29,48.220908059014214
2016-06-30,48.78921466403537
2016-07-01,49.38935534159342
2016-07-04,48.74096912807889
2016-07-05,47.68984370761447
2016-07-06,47.04754723442925
2016-07-07,47.81485388014052
2016-07-08,48.81613985697428
2016-07-11,49.69308196173774
2016-07-12,49.94603602091471
2016-07-13,50.05223274230957
2016-07-14,50.59020381503635
2016-07-15,50.801618576049805
2016-07-18,50.6915709177653
2016-07-19,50.97529178195529
2016-07-20,52.004374186197914
2016-07-21,51.900706397162544
2016-07-22,51.79464213053385
2016-07-25,52.2787840101454
2016-07-26,52.040985107421875
2016-07-27,52.4476449754503
2016-07-28,52.064424726698135
2016-07-29,52.22396341959635
2016-08-01,51.765612284342446
2016-08-02,50.95715883043077
2016-08-03,50.606925540500214
2016-08-04,51.05640580919054
2016-08-05,51.58502451578776
2016-08-08,51.81011708577474
2016-08-09,52.97655571831597
2016-08-10,52.80237579345703
2016-08-11,52.94287448459201
2016-08-12,52.81977547539605
2016-08-15,53.12592442830404
2016-08-16,52.67982059054904
2016-08-17,52.159335666232636
2016-08-18,52.62087376912435
2016-08-19,52.3019773695204
2016-08-22,52.25778452555338
2016-08-23,52.96871693929037
2016-08-24,53.14737913343642
2016-08-25,52.77569834391276
2016-08-26,53.34866078694662
2016-08-29,53.484741634792755
2016-08-30,53.92767079671224
2016-08-31,53.90200551350912
2016-09-01,53.98060946994357
2016-09-02,54.55605358547635
2016-09-05,54.75865173339844
2016-09-06,54.43190468682183
2016-09-07,54.89303334554037
2016-09-08,54.801119062635635
2016-09-09,54.607908460828995
2016-09-12,54.231864081488716
2016-09-13,54.05497784084744
2016-09-14,54.04671096801758
2016-09-15,54.742724100748696
2016-09-16,54.24993218315972
2016-09-19,54.932120429144966
2016-09-20,54.80833943684896
2016-09-21,55.00337812635634
2016-09-22,55.81936475965712
2016-09-23,55.39697731865777
2016-09-26,54.70272530449761
2016-09-27,54.81389236450195
2016-09-28,54.99038230048286
2016-09-29,55.52587678697374
2016-09-30,55.97963290744357
2016-10-03,56.06727515326606
2016-10-04,56.54275385538737
2016-10-05,56.526861826578774
2016-10-06,56.96540620591905
2016-10-07,56.99811723497179
2016-10-10,57.51336415608724
2016-10-11,56.94944508870443
2016-10-12,55.817815992567276
2016-10-13,55.14485761854384
2016-10-14,55.598153008355034
2016-10-17,55.44047504001193
2016-10-18,56.29924858940972
2016-10-19,56.29857974582248
2016-10-20,56.78154627482096
2016-10-21,56.732926262749565
2016-10-24,56.70465172661675
2016-10-25,56.45310380723741
2016-10-26,56.70284059312608
2016-10-27,56.674385494656036
2016-10-28,56.93743769327799
2016-10-31,55.95559734768338
2016-11-01,55.15758514404297
2016-11-02,54.518346574571396
2016-11-03,54.46996180216471
2016-11-04,53.96009741889106
2016-11-07,55.18900510999892
2016-11-08,55.382820977105034
2016-11-09,56.5589599609375
2016-11-10,57.377067142062714
2016-11-11,56.692940182156036
2016-11-14,56.5897594028049
2016-11-15,57.221568213568794
2016-11-16,56.843231201171875
2016-11-17,57.099927266438804
2016-11-18,57.351806216769745
2016-11-21,57.425765143500435
2016-11-22,57.7359504699707
2016-11-23,57.70233027140299
2016-11-24,57.81782531738281
2016-11-25,58.04277462429471
2016-11-28,57.26823849148221
2016-11-29,56.88495890299479
2016-11-30,57.59247970581055
2016-12-01,57.50232823689779
2016-12-02,57.37337451510959
2016-12-05,58.08079316880968
2016-12-06,58.67889743381076
2016-12-07,59.29876200358073
2016-12-08,60.260729471842446
2016-12-09,60.541221618652344
2016-12-12,60.69913991292318
2016-12-13,61.0110952589247
2016-12-14,60.78128094143338
2016-12-15,61.79985046386719
2016-12-16,61.74674648708768
2016-12-19,61.38940005832248
2016-12-20,61.03239440917969
2016-12-21,60.78259023030599
2016-12-22,60.485978020562065
2016-12-23,60.81521309746636
2016-12-27,61.10591846042209
2016-12-28,60.8070445590549
2016-12-29,60.34875276353624
2016-12-30,60.27153778076172
2017-01-02,60.705201043023
2017-01-03,61.21866650051541
2017-01-04,61.155523935953774
2017-01-05,60.985326555040146
2017-01-09,60.8338754442003
2017-01-10,61.018500857883026
2017-01-11,60.895692613389755
2017-01-12,60.60540898640951
2017-01-13,61.18282487657335
2017-01-16,61.127967834472656
2017-01-17,60.89540990193685
2017-01-18,61.29378467135959
2017-01-19,61.384034898546005
2017-01-20,62.032143910725914
2017-01-23,61.29043324788412
2017-01-24,62.193508572048614
2017-01-25,63.22210142347548
2017-01-26,63.76636293199327
2017-01-27,62.76283857557509
2017-01-30,62.310573154025604
2017-01-31,62.2140744527181
2017-02-01,62.8054190741645
2017-02-02,63.74546474880643
2017-02-03,63.668006896972656
2017-02-06,63.50208621554904
2017-02-07,63.81862258911133
2017-02-08,63.62741173638238
2017-02-09,63.881416744656036
2017-02-10,64.07488674587674
2017-02-13,64.51110585530598
2017-02-14,64.47443686591254
2017-02-15,64.76616032918294
2017-02-16,65.06249491373698
2017-02-17,64.60409122043185
2017-02-20,64.81047736273871
2017-02-21,65.56446584065755
2017-02-22,65.2617547776964
2017-02-23,65.4855130513509
2017-02-24,64.84061982896593
2017-02-27,64.71885045369466
2017-02-28,64.98630650838216
2017-03-01,66.04416614108615
2017-03-02,65.67534679836697
2017-03-03,65.80857128567166
2017-03-06,65.41719394259982
2017-03-07,65.7575929429796
2017-03-08,65.89995193481445
2017-03-09,66.23456615871854
2017-03-10,66.31341764662001
2017-03-13,66.72158008151584
2017-03-14,66.22141308254666
2017-03-15,66.9668477376302
2017-03-16,67.10356606377496
2017-03-17,66.80993101331923
2017-03-20,66.69917551676433
2017-03-21,65.97511121961806
2017-03-22,65.57591671413846
2017-03-23,66.34130054050021
2017-03-24,66.37553956773546
2017-03-27,66.07343207465277
2017-03-28,66.47057172987196
2017-03-29,66.72311740451389
2017-03-30,67.39592997233073
2017-03-31,67.94042290581598
2017-04-03,67.15561252170139
2017-04-04,66.97723303900824
2017-04-05,66.99697960747613
2017-04-06,67.44348059760199
2017-04-07,67.86753421359592
2017-04-10,67.92971632215712
2017-04-11,67.84845564100478
2017-04-12,68.0744145711263
2017-04-13,67.63535732693143
2017-04-18,66.92131805419922
2017-04-19,67.42057037353516
2017-04-20,67.48767132229275
2017-04-21,67.75605350070529
2017-04-24,69.70598136054144
2017-04-25,70.9282709757487
2017-04-26,71.37014897664388
2017-04-27,71.23028182983398
2017-04-28,72.24525621202257
2017-05-02,72.93999142116971
2017-05-03,72.98494890001085
2017-05-04,73.54853396945529
2017-05-05,73.41805945502387
2017-05-08,73.10167185465495
2017-05-09,73.59613927205403
2017-05-10,73.53723949856229
2017-05-11,73.34848234388564
2017-05-12,72.9003045823839
2017-05-15,73.12532975938585
2017-05-16,73.38751475016277
2017-05-17,71.98959350585938
2017-05-18,71.2505276997884
2017-05-19,72.13307698567708
2017-05-22,71.59242502848308
2017-05-23,72.40712526109483
2017-05-24,72.44583977593317
2017-05-26,72.26438352796767
2017-05-29,71.95949257744684
2017-05-30,72.37179183959961
2017-05-31,72.430419921875
2017-06-01,72.5284406873915
2017-06-02,73.06765831841363
2017-06-05,72.46157794528537
2017-06-06,72.46157794528537
2017-06-07,72.91631529066298
2017-06-08,73.24835798475478
2017-06-09,74.07833650377061
2017-06-12,72.79327392578125
2017-06-13,73.304685804579
2017-06-14,73.34686703152127
2017-06-15,85.41289176940919
2017-06-16,85.89616928100585
2017-06-19,86.78847923278809
2017-06-20,86.59005622863769
2017-06-21,86.35278358459473
2017-06-22,86.44914665222169
2017-06-23,86.44914665222169
2017-06-26,86.46684341430664
2017-06-27,85.43037223815918
2017-06-28,85.2922176361084
2017-06-29,83.92843856811524
2017-06-30,83.19311599731445
2017-07-03,84.21344032287598
2017-07-04,84.24782600402833
2017-07-05,84.42245521545411
2017-07-06,84.07421951293945
2017-07-07,83.76894454956054
2017-07-10,84.82013931274415
2017-07-11,84.60159950256347
2017-07-12,86.58261947631836
2017-07-13,85.76183700561523
2017-07-14,86.22762527465821
2017-07-17,84.93097457885742
2017-07-18,83.03768539428711
2017-07-19,83.21937942504883
2017-07-20,82.381831741333
2017-07-21,81.54397621154786
2017-07-24,80.9348014831543
2017-07-25,81.0506217956543
2017-07-26,81.63343353271485
2017-07-27,81.17141342163086
2017-07-28,80.46211204528808
2017-07-31,80.13770942687988
2017-08-01,80.82518043518067
2017-08-02,80.17334480285645
2017-08-03,79.93651123046875
2017-08-04,80.5900489807129
2017-08-07,80.58053321838379
2017-08-08,80.9897361755371
2017-08-09,80.19812850952148
2017-08-10,79.21950302124023
2017-08-11,78.63116836547852
2017-08-14,79.31801414489746
2017-08-15,78.80369071960449
2017-08-16,79.25892295837403
2017-08-17,78.58346939086914
2017-08-18,78.21634101867676
2017-08-21,77.78347778320312
2017-08-22,79.08837699890137
2017-08-23,79.40105361938477
2017-08-24,79.30266990661622
2017-08-25,79.89873504638672
2017-08-28,79.75080451965331
2017-08-29,78.71844329833985
2017-08-30,78.97680206298828
2017-08-31,79.61313705444336
2017-09-01,80.61207695007325
2017-09-04,80.2530704498291
2017-09-05,80.16197547912597
2017-09-06,79.90886421203614
2017-09-07,80.49390335083008
2017-09-08,80.46508903503418
2017-09-11,80.98492126464843
2017-09-12,81.23043403625488
2017-09-13,81.22364082336426
2017-09-14,81.60111770629882
2017-09-15,80.93648872375488
2017-09-18,81.36907196044922
2017-09-19,81.21995048522949
2017-09-20,81.0341121673584
2017-09-21,81.51204643249511
2017-09-22,81.76762771606445
2017-09-25,82.04684715270996
2017-09-26,82.2794288635254
2017-09-27,82.81037979125976
2017-09-28,83.55209579467774
2017-09-29,84.19803924560547
2017-10-02,84.42485084533692
2017-10-03,85.22508544921875
2017-10-04,85.15062828063965
2017-10-05,85.60346755981445
2017-10-06,85.06607589721679
2017-10-09,85.3070671081543
2017-10-10,85.20379791259765
2017-10-11,84.90571594238281
2017-10-12,84.9330898284912
2017-10-13,85.0286319732666
2017-10-16,85.00016784667969
2017-10-17,84.73780326843261
2017-10-18,85.51221542358398
2017-10-19,85.47424011230468
2017-10-20,86.99138717651367
2017-10-23,86.66809196472168
2017-10-24,86.21134414672852
2017-10-25,86.39496421813965
2017-10-26,87.80566787719727
2017-10-27,88.47786254882813
2017-10-30,87.79788246154786
2017-10-31,88.77211151123046
2017-11-01,88.43504943847657
2017-11-02,88.32943878173828
2017-11-03,88.98017883300781
2017-11-06,88.91594429016114
2017-11-07,88.4577537536621
2017-11-08,88.05313453674316
2017-11-09,86.8539608001709
2017-11-10,86.484814453125
2017-11-13,86.40065803527833
2017-11-14,86.33833923339844
2017-11-15,86.35171508789062
2017-11-16,87.16733016967774
2017-11-17,86.43643417358399
2017-11-20,86.93625946044922
2017-11-21,87.90399780273438
2017-11-22,86.64200706481934
2017-11-23,86.64800987243652
2017-11-24,86.59494743347167
2017-11-27,85.93648681640624
2017-11-28,86.76180763244629
2017-11-29,85.71662139892578
2017-11-30,85.45445938110352
2017-12-01,84.61207313537598
2017-12-04,86.26822242736816
2017-12-05,86.22754554748535
2017-12-06,85.0575340270996
2017-12-07,85.11527633666992
2017-12-08,85.33508529663087
2017-12-11,85.92866706848145
2017-12-12,86.13623123168945
2017-12-13,85.91876983642578
2017-12-14,85.18674774169922
2017-12-15,85.20644073486328
2017-12-18,86.67095642089843
2017-12-19,86.02153854370117
2017-12-20,85.25026359558106
2017-12-21,86.26020011901855
2017-12-22,85.48348770141601
2017-12-27,84.79791717529297
2017-12-28,84.34234962463378
2017-12-29,83.70080184936523
2018-01-02,83.82607803344726
2018-01-03,84.96147727966309
2018-01-04,86.03027610778808
2018-01-05,86.41579971313476
2018-01-08,87.02099418640137
2018-01-09,87.05451698303223
2018-01-10,86.93345222473144
2018-01-11,87.86747512817382
2018-01-12,87.57564239501953
2018-01-15,88.02108039855958
2018-01-16,87.77007293701172
2018-01-17,87.9957088470459
2018-01-18,87.98180046081544
2018-01-19,88.58560371398926
2018-01-22,88.80512199401855
2018-01-23,89.2221450805664
2018-01-24,88.23444213867188
2018-01-25,87.14311981201172
2018-01-26,87.53348541259766
2018-01-29,87.20990524291992
2018-01-30,86.87016906738282
2018-01-31,86.6311637878418
2018-02-01,86.8068862915039
2018-02-02,85.57586898803712
2018-02-05,83.21419639587403
2018-02-06,81.14715423583985
2018-02-07,84.14470291137695
2018-02-08,82.1973934173584
2018-02-09,81.65184440612794
2018-02-12,82.51857070922851
2018-02-13,81.95267715454102
2018-02-14,82.91405944824218
2018-02-15,83.1933822631836
2018-02-16,83.94173316955566
2018-02-19,83.69035911560059
2018-02-20,84.77019920349122
2018-02-21,84.75661926269531
2018-02-22,84.78713150024414
2018-02-23,84.80463409423828
2018-02-26,85.42768669128418
2018-02-27,85.49668197631836
2018-02-28,85.35611228942871
2018-03-01,83.86802597045899
2018-03-02,81.72673225402832
2018-03-05,83.09105377197265
2018-03-06,83.84682273864746
2018-03-07,83.74183235168456
2018-03-08,85.4017333984375
2018-03-09,85.61488914489746
2018-03-12,85.6512523651123
2018-03-13,84.79082298278809
2018-03-14,85.2319522857666
2018-03-15,85.93781242370605
2018-03-16,84.62707481384277
2018-03-19,83.18916168212891
2018-03-20,83.58051643371581
2018-03-21,83.60560531616211
2018-03-22,82.0905372619629
2018-03-23,82.1515338897705
2018-03-26,81.37193641662597
2018-03-27,82.84257507324219
2018-03-28,83.0132667541504
2018-03-29,84.45032196044922
2018-04-03,82.68230400085449
2018-04-04,81.91422805786132
2018-04-05,83.67648010253906
2018-04-06,82.87719459533692
2018-04-09,82.86793594360351
2018-04-10,83.94139366149902
2018-04-11,82.57018127441407
2018-04-12,83.60327415466308
2018-04-13,84.23188514709473
2018-04-16,84.4081974029541
2018-04-17,85.4200325012207
2018-04-18,86.05127296447753
2018-04-19,86.46299362182617
2018-04-20,86.74544639587403
2018-04-23,87.15034523010254
2018-04-24,85.92372093200683
2018-04-25,84.66380958557129
2018-04-26,85.31218147277832
2018-04-27,86.0984661102295
2018-04-30,85.63753204345703
2018-05-02,86.65900535583496
2018-05-03,85.51741981506348
2018-05-04,86.19796638488769
2018-05-07,87.39838752746581
2018-05-08,87.97501792907715
2018-05-09,88.90066490173339
2018-05-11,87.93745574951171
2018-05-14,87.97212677001953
2018-05-15,88.6247573852539
2018-05-16,88.34002304077148
2018-05-17,89.02739028930664
2018-05-18,89.49313278198242
2018-05-21,89.52116088867187
2018-05-22,89.7462200164795
2018-05-23,88.44463653564453
2018-05-24,88.0378849029541
2018-05-25,87.82208251953125
2018-05-28,87.36007041931153
2018-05-29,86.95806846618652
2018-05-30,86.20053749084472
2018-05-31,85.41451530456543
2018-06-01,86.35891876220703
2018-06-04,85.94202194213867
2018-06-05,85.47697143554687
2018-06-06,85.47697143554687
2018-06-07,85.37699928283692
2018-06-08,85.27958717346192
2018-06-11,85.92074584960938
2018-06-12,85.72958908081054
2018-06-13,85.92731971740723
2018-06-14,86.57729034423828
2018-06-15,85.99524765014648
2018-06-18,85.37827072143554
2018-06-19,85.23093681335449
2018-06-20,85.93588600158691
2018-06-21,84.72457351684571
2018-06-22,84.72457351684571
2018-06-25,84.04630317687989
2018-06-26,83.51699180603028
2018-06-27,84.70618858337403
2018-06-28,84.10368461608887
2018-06-29,85.89672966003418
2018-07-02,84.84723129272462
2018-07-03,84.60067291259766
2018-07-04,83.34578361511231
2018-07-05,83.3964859008789
2018-07-06,83.41293296813964
2018-07-09,84.21708793640137
2018-07-10,84.74788284301758
2018-07-11,83.59077339172363
2018-07-12,84.44458961486816
2018-07-13,85.03611488342285
2018-07-16,85.09586372375489
2018-07-17,85.13638954162597
2018-07-18,86.28264541625977
2018-07-19,87.56365776062012
2018-07-20,87.38243179321289
2018-07-23,86.87952461242676
2018-07-24,88.08402099609376
2018-07-25,87.38655166625976
2018-07-26,88.10108184814453
2018-07-27,88.13973121643066
2018-07-30,88.05386772155762
2018-07-31,88.5207145690918
2018-08-01,88.9139575958252
2018-08-02,87.97872543334961
2018-08-03,88.8218433380127
2018-08-06,88.58864097595215
2018-08-07,89.39093170166015
2018-08-08,89.46358680725098
2018-08-09,89.69620018005371
2018-08-10,88.95099983215331
2018-08-13,88.73959388732911
2018-08-14,88.58924369812011
2018-08-15,87.75706062316894
2018-08-16,88.91800880432129
2018-08-17,89.72730941772461
2018-08-20,90.3925609588623
2018-08-21,91.00946578979492
2018-08-22,91.33036613464355
2018-08-23,91.31819877624511
2018-08-24,91.54131164550782
2018-08-27,92.78957023620606
2018-08-28,93.10830650329589
2018-08-29,93.35442771911622
2018-08-30,93.63708877563477
2018-08-31,92.67344779968262
2018-09-03,92.66023330688476
2018-09-04,92.04639587402343
2018-09-05,91.24461669921875
2018-09-06,91.1106632232666
2018-09-07,90.36743774414063
2018-09-10,90.8123935699463
2018-09-11,90.58248901367188
2018-09-12,90.48338012695312
2018-09-13,90.57150268554688
2018-09-14,91.30409126281738
2018-09-17,90.83786468505859
2018-09-18,89.9945198059082
2018-09-19,90.35728149414062
2018-09-20,91.17279853820801
2018-09-21,92.53369102478027
2018-09-24,91.53596725463868
2018-09-25,91.59428215026855
2018-09-26,91.699751663208
2018-09-27,92.2111946105957
2018-09-28,90.83847351074219
2018-10-01,91.25532112121581
2018-10-02,90.58317832946777
2018-10-03,91.48867912292481
2018-10-04,90.42939186096191
2018-10-05,89.45453872680665
2018-10-08,88.76196556091308
2018-10-09,89.05306472778321
2018-10-10,86.55920524597168
2018-10-11,84.36680183410644
2018-10-12,83.80100212097167
2018-10-15,83.62027740478516
2018-10-16,84.23688163757325
2018-10-17,83.97815589904785
2018-10-18,83.90875511169433
2018-10-19,82.72554321289063
2018-10-22,82.53892822265625
2018-10-23,81.50216827392578
2018-10-24,81.17561759948731
2018-10-25,81.75291290283204
2018-10-26,80.45981140136719
2018-10-29,80.55750541687011
2018-10-30,81.42854499816895
2018-10-31,82.8282569885254
2018-11-01,82.65569038391114
2018-11-02,84.22825736999512
2018-11-05,83.22052345275878
2018-11-06,83.20258865356445
2018-11-07,83.14340858459472
2018-11-08,82.84756774902344
2018-11-09,82.61840515136718
2018-11-12,82.25375480651856
2018-11-13,82.52050514221192
2018-11-14,81.37645530700684
2018-11-15,81.05307044982911
2018-11-16,81.73149757385254
2018-11-19,80.40362167358398
2018-11-20,78.84570083618163
2018-11-21,80.1002212524414
2018-11-22,79.4285499572754
2018-11-23,80.26393814086914
2018-11-26,81.43774871826172
2018-11-27,81.20725440979004
2018-11-28,81.66576347351074
2018-11-29,83.11920318603515
2018-11-30,83.22028160095215
2018-12-03,84.25247802734376
2018-12-04,82.84622688293457
2018-12-05,81.1003189086914
2018-12-06,78.62981948852538
2018-12-07,79.53507690429687
2018-12-10,78.46461601257325
2018-12-11,79.9255298614502
2018-12-12,81.65073204040527
2018-12-13,80.93431663513184
2018-12-14,80.32149391174316
2018-12-17,79.54802703857422
2018-12-18,79.61133651733398
2018-12-19,79.69345359802246
2018-12-20,78.031298828125
2018-12-21,77.7096450805664
2018-12-27,76.58893089294433
2018-12-28,77.83128700256347
2019-01-02,77.87106590270996
2019-01-03,76.79524841308594
2019-01-04,79.22592239379883
2019-01-07,79.47272262573242
2019-01-08,80.61273384094238
2019-01-09,81.65977973937989
2019-01-10,81.58012466430664
2019-01-11,81.2497184753418
2019-01-14,80.85316276550293
2019-01-15,80.66285133361816
2019-01-16,81.34107856750488
2019-01-17,81.73235702514648
2019-01-18,83.27470664978027
2019-01-21,83.13308639526367
2019-01-22,82.5178768157959
2019-01-23,82.10446014404297
2019-01-24,82.81932334899902
2019-01-25,83.75183029174805
2019-01-28,83.40572776794434
2019-01-29,84.35376205444337
2019-01-30,84.6224437713623
2019-01-31,86.40317230224609
2019-02-01,86.66384582519531
2019-02-04,86.51946754455567
2019-02-05,87.19755897521972
2019-02-06,88.14108009338379
2019-02-07,87.05536880493165
2019-02-08,87.35611915588379
2019-02-11,88.09210777282715
2019-02-12,88.43676414489747
2019-02-13,88.62204208374024
2019-02-14,88.92172622680664
2019-02-15,90.47238082885742
2019-02-18,90.42757606506348
2019-02-19,90.55294189453124
2019-02-20,91.42696037292481
2019-02-21,90.69345283508301
2019-02-22,91.42588081359864
2019-02-25,90.9955997467041
2019-02-26,90.86413307189942
2019-02-27,90.2512378692627
2019-02-28,90.0859561920166
2019-03-01,90.76196784973145
2019-03-04,91.15276412963867
2019-03-05,91.16419677734375
2019-03-06,89.83055992126465
2019-03-07,88.946089553833
2019-03-08,89.04333267211913
2019-03-11,89.56458702087403
2019-03-12,89.53143577575683
2019-03-13,90.1061466217041
2019-03-14,91.1591423034668
2019-03-15,91.70206718444824
2019-03-18,92.13473854064941
2019-03-19,92.61064071655274
2019-03-20,92.05364761352538
2019-03-21,92.18330802917481
2019-03-22,90.73341827392578
2019-03-25,90.4284896850586
2019-03-26,90.24438858032227
2019-03-27,90.67627296447753
2019-03-28,90.79654235839844
2019-03-29,89.9241844177246
2019-04-01,91.4592414855957
2019-04-02,92.30757484436035
2019-04-03,93.83960304260253
2019-04-04,93.64351806640624
2019-04-05,94.4740608215332
2019-04-08,94.61564102172852
2019-04-09,94.17700653076172
2019-04-10,95.09663238525391
2019-04-11,95.06454315185547
2019-04-12,96.03614387512206
2019-04-15,95.96050033569335
2019-04-16,96.03800468444824
2019-04-17,97.09222602844238
2019-04-18,97.75187683105469
2019-04-23,97.98128890991211
2019-04-24,99.01637802124023
2019-04-25,100.32133293151855
2019-04-26,100.58300666809082
2019-04-29,100.72727737426757
2019-04-30,100.10155868530273
2019-05-02,99.19392547607421
2019-05-03,99.19723548889161
2019-05-06,97.96516952514648
2019-05-07,96.14612655639648
2019-05-08,96.65586204528809
2019-05-09,95.31541595458984
2019-05-10,95.89395866394042
2019-05-13,94.1859359741211
2019-05-14,95.20582427978516
2019-05-15,95.65983009338379
2019-05-16,97.29255180358886
2019-05-17,96.78038139343262
2019-05-20,95.5262062072754
2019-05-21,96.65417785644532
2019-05-22,96.34468803405761
2019-05-23,94.02569580078125
2019-05-24,94.60104370117188
2019-05-27,94.24125251770019
2019-05-28,94.34758796691895
2019-05-29,92.60718879699706
2019-05-31,91.07996978759766
2019-06-03,91.63423805236816
2019-06-04,92.65489082336425
2019-06-05,93.17729301452637
2019-06-07,94.90957221984863
2019-06-11,96.44218940734864
2019-06-12,97.01243438720704
2019-06-13,97.35819244384766
2019-06-14,96.96279296875
2019-06-18,98.30859069824218
2019-06-19,98.34035873413086
2019-06-20,99.6862636566162
2019-06-24,98.6574317932129
2019-06-25,98.4249153137207
2019-06-26,98.04466934204102
2019-06-27,97.96195526123047
2019-06-28,98.11129493713379
2019-07-01,99.36904792785644
2019-07-02,99.99309501647949
2019-07-03,99.9913501739502
2019-07-04,100.13533554077148
2019-07-05,98.06517791748047
2019-07-08,98.52133140563964
2019-07-09,97.89181480407714
2019-07-10,97.32275085449218
2019-07-11,96.48728561401367
2019-07-12,97.17231941223145
2019-07-15,97.83401832580566
2019-07-16,97.64282341003418
2019-07-17,96.21045608520508
2019-07-18,93.37853088378907
2019-07-19,95.48405380249024
2019-07-22,95.2389087677002
2019-07-23,97.05379142761231
2019-07-24,96.644575881958
2019-07-25,95.8200897216797
2019-07-26,95.91973037719727
2019-07-29,96.00076370239258
2019-07-30,95.61873321533203
2019-07-31,95.5765609741211
2019-08-01,96.32682456970215
2019-08-02,93.30093154907226
2019-08-06,90.70828208923339
2019-08-07,90.79164009094238
2019-08-08,92.18843460083008
2019-08-09,90.82887344360351
2019-08-12,90.73429908752442
2019-08-13,90.94571113586426
2019-08-14,88.92720260620118
2019-08-15,88.59523429870606
2019-08-16,90.07303924560547
2019-08-19,91.1334041595459
2019-08-20,91.1351505279541
2019-08-21,91.62860946655273
2019-08-22,91.21758346557617
2019-08-23,90.29909782409668
2019-08-26,89.97158012390136
2019-08-27,90.69995498657227
2019-08-28,90.54935760498047
2019-08-29,92.44467849731446
2019-08-30,93.90303649902344
2019-09-02,93.39786949157715
2019-09-03,93.33829116821289
2019-09-04,94.12739219665528
2019-09-05,94.0124942779541
2019-09-06,93.84380264282227
2019-09-09,94.22555084228516
2019-09-10,94.75006141662598
2019-09-11,96.34868583679199
2019-09-12,97.45958824157715
2019-09-13,97.9173023223877
2019-09-16,97.36274452209473
2019-09-17,97.09365539550781
2019-09-18,97.56918869018554
2019-09-19,98.10084686279296
2019-09-20,97.7169921875
2019-09-23,95.9217041015625
2019-09-24,95.83019256591797
2019-09-25,94.7113250732422
2019-09-26,95.48340110778808
2019-09-27,96.30420799255371
2019-09-30,96.34449501037598
2019-10-01,95.39719581604004
2019-10-02,93.18747596740722
2019-10-03,92.51313552856445
2019-10-04,92.69227409362793
2019-10-07,94.00418548583984
2019-10-08,92.96091842651367
2019-10-09,94.00224914550782
2019-10-10,94.4567855834961
2019-10-11,95.94788780212403
2019-10-14,95.82281265258788
2019-10-15,96.61743927001953
2019-10-16,97.05436134338379
2019-10-17,98.16399345397949
2019-10-18,99.2115535736084
2019-10-21,101.60538330078126
2019-10-22,101.52988739013672
2019-10-23,101.09857406616212
2019-10-24,101.18837509155273
2019-10-25,102.74723587036132
2019-10-28,103.57651214599609
2019-10-29,102.5723388671875
2019-10-30,103.29217071533203
2019-10-31,102.32828140258789
2019-11-01,102.77059631347656
2019-11-04,105.25029296875
2019-11-05,105.426904296875
2019-11-06,105.24717788696289
2019-11-07,105.02781448364257
2019-11-08,105.85200805664063
2019-11-11,105.33731231689453
2019-11-12,105.8916114807129
2019-11-13,105.76298828125
2019-11-14,105.5047737121582
2019-11-15,105.23600883483887
2019-11-18,104.20200462341309
2019-11-19,104.30495147705078
2019-11-20,103.60783958435059
2019-11-21,102.78315887451171
2019-11-22,103.07145843505859
2019-11-25,103.98212051391602
2019-11-26,104.1344108581543
2019-11-27,103.56661758422851
2019-11-28,103.86047744750977
2019-11-29,103.50483779907226
2019-12-02,102.06909523010253
2019-12-03,101.27658500671387
2019-12-04,103.13501586914063
2019-12-05,102.6616771697998
2019-12-06,103.89171676635742
2019-12-09,104.00130805969238
2019-12-10,103.37342681884766
2019-12-11,103.77124977111816
2019-12-12,105.02433204650879
2019-12-13,106.14737358093262
2019-12-16,107.35268135070801
2019-12-17,107.78294410705567
2019-12-18,107.48066864013671
2019-12-19,107.04351997375488
2019-12-20,107.94839019775391
2019-12-23,108.07045936584473
2019-12-27,108.21996154785157
2019-12-30,106.41833381652832
2020-01-02,109.05176315307617
2020-01-03,107.38046417236328
2020-01-07,107.95140075683594
2020-01-08,108.10629577636719
2020-01-09,108.02186279296875
2020-01-10,107.52487487792969
2020-01-13,108.64337615966797
2020-01-14,108.68897705078125
2020-01-15,108.68222694396972
2020-01-16,110.40555343627929
2020-01-17,111.24908218383788
2020-01-20,111.08835067749024
2020-01-21,111.46461410522461
2020-01-22,109.2248779296875
2020-01-23,108.5390609741211
2020-01-24,109.78091278076172
2020-01-27,107.48985443115234
2020-01-28,107.6571434020996
2020-01-29,107.57551803588868
2020-01-30,106.779345703125
2020-01-31,105.9867130279541
2020-02-03,106.54841079711915
2020-02-04,109.29199523925782
2020-02-05,110.54938507080078
2020-02-06,110.79565124511718
2020-02-07,110.75434875488281
2020-02-10,111.21055526733399
2020-02-11,113.0316879272461
2020-02-12,113.50225982666015
2020-02-13,113.10854415893554
2020-02-14,113.17512512207031
2020-02-17,113.14786071777344
2020-02-18,112.32260131835938
2020-02-19,113.53247299194337
2020-02-20,113.18388900756835
2020-02-21,111.7337760925293
2020-02-24,106.65222244262695
2020-02-25,105.18334197998047
2020-02-26,106.39469757080079
2020-02-27,102.85771408081055
2020-02-28,100.11410675048828
2020-03-02,100.47293205261231
2020-03-03,102.1751049041748
2020-03-04,102.72409248352051
2020-03-05,102.01163139343262
2020-03-06,98.60429191589355
2020-03-09,93.4409969329834
2020-03-10,92.92086868286133
2020-03-11,92.18048133850098
2020-03-12,83.13656616210938
2020-03-13,84.77260627746583
2020-03-16,82.4996784210205
2020-03-17,84.2439338684082
2020-03-18,82.42144508361817
2020-03-19,85.88861198425293
2020-03-20,83.5610137939453
2020-03-23,80.00043830871581
2020-03-24,85.41822319030761
2020-03-25,89.17165870666504
2020-03-26,91.94772071838379
2020-03-27,88.85980529785157
2020-03-30,91.57917976379395
2020-03-31,93.08807144165038
2020-04-01,88.37355766296386
2020-04-02,88.5816879272461
2020-04-03,87.53340530395508
2020-04-06,90.73698005676269
2020-04-07,93.36865768432617
2020-04-08,92.28276252746582
2020-04-09,92.3464225769043
2020-04-14,95.14941062927247
2020-04-15,92.10234642028809
2020-04-16,93.12261734008788
2020-04-17,95.54838256835937
2020-04-20,96.2186408996582
2020-04-21,93.72145729064941
2020-04-22,95.93546524047852
2020-04-23,96.4465160369873
2020-04-24,94.24295501708984
2020-04-27,96.08393859863281
2020-04-28,98.09570617675782
2020-04-29,100.31928482055665
2020-04-30,99.58972358703613
2020-05-04,94.63086128234863
2020-05-05,96.91599311828614
2020-05-06,95.32011070251465
2020-05-07,96.25748023986816
2020-05-08,98.17235527038574
2020-05-11,97.8626766204834
2020-05-12,98.61085014343261
2020-05-13,95.93591957092285
2020-05-14,92.73911209106446
2020-05-15,94.07039031982421
2020-05-18,98.48740005493164
2020-05-19,98.06614379882812
2020-05-20,97.59442825317383
2020-05-22,97.26729812622071
2020-05-25,99.61594123840332
2020-05-26,100.45452728271485
2020-05-27,101.18772010803222
2020-05-28,103.35622100830078
2020-05-29,102.01262245178222
2020-06-01,102.69020080566406
2020-06-02,103.29357376098633
2020-06-03,105.79983329772949
2020-06-04,104.99644775390625
2020-06-05,105.86128234863281
2020-06-08,105.50068969726563
2020-06-09,104.5503360748291
2020-06-10,104.49818801879883
2020-06-11,99.39570045471191
2020-06-12,99.43618888854981
2020-06-15,99.89822959899902
2020-06-16,103.11918792724609
2020-06-17,104.26633377075196
2020-06-18,104.10406875610352
2020-06-22,103.1115852355957
2020-06-23,104.46839752197266
2020-06-24,102.22474403381348
2020-06-25,103.5523292541504
2020-06-26,103.99098587036133
2020-06-29,104.98369331359864
2020-06-30,104.83227043151855
2020-07-01,105.15657997131348
2020-07-02,106.8618350982666
2020-07-03,106.13193893432617
2020-07-06,108.51847953796387
2020-07-07,107.77774620056152
2020-07-08,107.00330390930176
2020-07-09,105.96214790344239
2020-07-10,106.88461112976074
2020-07-13,108.5092903137207
2020-07-14,108.30089645385742
2020-07-15,110.11127891540528
2020-07-16,108.45827560424804
2020-07-17,109.18452529907226
2020-07-20,109.64097137451172
2020-07-21,109.01321029663086
2020-07-22,109.44360961914063
2020-07-23,109.69040298461914
2020-07-24,107.72258186340332
2020-07-27,108.45566864013672
2020-07-28,108.09358177185058
2020-07-29,108.91974487304688
2020-07-30,106.47912635803223
2020-07-31,105.56604118347168
2020-08-03,108.05207748413086
2020-08-04,107.40976448059082
2020-08-05,108.08589553833008
2020-08-06,107.78497848510742
2020-08-07,107.89077033996583
2020-08-10,107.94262351989747
2020-08-11,110.144242477417
2020-08-12,110.48090324401855
2020-08-13,110.42918243408204
2020-08-14,108.21878623962402
2020-08-17,109.63984184265136
2020-08-18,109.1719524383545
2020-08-19,110.03221893310547
2020-08-20,109.01686782836914
2020-08-21,108.97928428649902
2020-08-24,110.98822555541992
2020-08-25,110.96295051574707
2020-08-26,112.0518814086914
2020-08-27,111.9561996459961
2020-08-28,110.68704528808594
2020-08-31,110.25115928649902
2020-09-01,110.34091491699219
2020-09-02,111.5745662689209
2020-09-03,110.38534545898438
2020-09-04,110.40913352966308
2020-09-07,112.54205474853515
2020-09-08,111.50724334716797
2020-09-09,113.8698802947998
2020-09-10,113.1937099456787
2020-09-11,113.16263427734376
2020-09-14,113.03318519592285
2020-09-15,113.2028564453125
2020-09-16,114.03720054626464
2020-09-17,114.18259086608887
2020-09-18,114.78754196166992
2020-09-21,110.60177268981934
2020-09-22,111.41634941101074
2020-09-23,112.22847137451171
2020-09-24,110.90740432739258
2020-09-25,111.06910438537598
2020-09-28,114.46154327392578
2020-09-29,114.61287651062011
2020-09-30,113.83140106201172
2020-10-01,113.65458755493164
2020-10-02,112.15969505310059
2020-10-05,114.09544868469239
2020-10-06,113.81208457946778
2020-10-07,113.66206970214844
2020-10-08,113.62734260559083
2020-10-09,113.81770706176758
2020-10-12,115.27005996704102
2020-10-13,113.63154678344726
2020-10-14,113.79885826110839
2020-10-15,112.11161231994629
2020-10-16,113.79053649902343
2020-10-19,113.91614837646485
2020-10-20,114.38555603027343
2020-10-21,113.02524909973144
2020-10-22,111.1950740814209
2020-10-23,111.67918701171875
2020-10-26,108.77965431213379
2020-10-27,108.40678215026855
2020-10-28,106.42769927978516
2020-10-29,106.1562313079834
2020-10-30,105.67560768127441
2020-11-02,108.20427436828614
2020-11-03,108.75425300598144
2020-11-04,110.25849685668945
2020-11-05,111.75027542114258
2020-11-06,111.8982479095459
2020-11-09,116.15659523010254
2020-11-10,114.98958740234374
2020-11-11,116.44613647460938
2020-11-12,115.89974365234374
2020-11-13,116.33701553344727
2020-11-16,117.33263931274413
2020-11-17,117.70373001098633
2020-11-18,117.70940628051758
2020-11-19,117.52163009643554
2020-11-20,118.11544265747071
2020-11-23,117.29872665405273
2020-11-24,117.72479934692383
2020-11-25,117.95626831054688
2020-11-26,118.24629440307618
2020-11-27,118.98119277954102
2020-11-30,117.43879623413086
2020-12-01,117.44332885742188
2020-12-02,117.09282913208008
2020-12-03,116.6657325744629
2020-12-04,116.74431381225585
2020-12-07,116.17261962890625
2020-12-08,117.62138290405274
2020-12-09,117.56650772094727
2020-12-10,116.90184478759765
2020-12-11,116.0943504333496
2020-12-14,116.57775955200195
2020-12-15,116.79921417236328
2020-12-16,117.12315483093262
2020-12-17,116.50057907104492
2020-12-18,116.4742446899414
2020-12-21,114.33471603393555
2020-12-22,115.40311393737792
2020-12-23,115.37452507019043
2020-12-28,116.8232608795166
2020-12-29,117.23859367370605
2020-12-30,116.0257495880127
2021-01-04,117.79551696777344
2021-01-05,117.29254379272462
2021-01-07,120.47073287963867
2021-01-08,121.18815040588379
2021-01-11,120.52227973937988
2021-01-12,121.86778373718262
2021-01-13,121.98198547363282
2021-01-14,122.4200481414795
2021-01-15,121.43544387817383
2021-01-18,121.45919799804688
2021-01-19,121.09427795410156
2021-01-20,122.37877655029297
2021-01-21,122.54336090087891
2021-01-22,122.68678283691406
2021-01-25,122.55404663085938
2021-01-26,123.85965118408203
2021-01-27,122.55469284057617
2021-01-28,121.54998245239258
2021-01-29,120.4481300354004
2021-02-01,122.72713623046874
2021-02-02,123.59991760253907
2021-02-03,124.07400436401367
2021-02-04,124.5939727783203
2021-02-05,123.21403503417969
2021-02-08,123.56778030395508
2021-02-09,123.44768142700195
2021-02-10,123.32270736694336
2021-02-11,123.87278747558594
2021-02-12,124.65129623413085
2021-02-15,124.8481430053711
2021-02-16,125.53239974975585
2021-02-17,124.50527877807617
2021-02-18,124.28330001831054
2021-02-19,125.67366104125976
2021-02-22,124.81564865112304
2021-02-23,123.93731842041015
2021-02-24,125.54885559082031
2021-02-25,125.41723327636718
2021-02-26,123.4631576538086
2021-03-01,126.30540924072265
2021-03-02,127.24072570800782
2021-03-03,127.35587463378906
2021-03-04,127.06331176757813
2021-03-05,126.03604583740234
2021-03-08,129.66294860839844
2021-03-09,130.0505599975586
2021-03-10,130.61511154174804
2021-03-11,132.54388656616212
2021-03-12,133.05472869873046
2021-03-15,132.0863464355469
2021-03-16,132.76907806396486
2021-03-17,132.2097610473633
2021-03-18,132.79141540527343
2021-03-19,131.55503768920897
2021-03-22,132.3879035949707
2021-03-23,131.24116973876954
2021-03-24,132.79072036743165
2021-03-25,132.39753189086915
2021-03-26,134.155810546875
2021-03-29,133.27649688720703
2021-03-30,135.39115142822266
2021-03-31,135.35648498535156
2021-04-01,136.39892120361327
2021-04-06,137.72048950195312
2021-04-07,137.3972267150879
2021-04-08,138.2740791320801
2021-04-09,138.8304588317871
2021-04-12,137.88500900268554
2021-04-13,138.44253234863282
2021-04-14,136.93810806274413
2021-04-15,137.6019645690918
2021-04-16,140.43346633911133
2021-04-19,138.798388671875
2021-04-20,135.17656173706055
2021-04-21,136.9280113220215
2021-04-22,137.06310577392577
2021-04-23,136.91874084472656
2021-04-26,136.80614471435547
2021-04-27,136.6911262512207
2021-04-28,135.7534378051758
2021-04-29,135.21742095947266
2021-04-30,133.88239440917968
2021-05-03,135.5923324584961
2021-05-04,133.81662979125977
2021-05-05,137.43538513183594
2021-05-06,137.87615814208985
2021-05-07,138.23205032348633
2021-05-10,138.93564453125
2021-05-11,135.55207214355468
2021-05-12,136.15400314331055
2021-05-14,138.96334381103514
2021-05-17,137.82975692749022
2021-05-18,138.5607940673828
2021-05-19,135.73227081298828
2021-05-20,137.89887237548828
2021-05-21,138.1403450012207
2021-05-24,138.01327514648438
2021-05-25,138.0728973388672
2021-05-26,136.87581634521484
2021-05-27,137.18194656372071
2021-05-28,137.8814498901367
2021-05-31,136.8149383544922
2021-06-01,138.73755493164063
2021-06-02,139.24376907348633
2021-06-03,139.9003776550293
2021-06-04,139.75250854492188
2021-06-07,139.62971572875978
2021-06-08,139.84530334472657
2021-06-09,139.91899566650392
2021-06-10,139.76487197875977
2021-06-11,140.00108642578124
2021-06-14,140.2260971069336
2021-06-15,140.8310173034668
2021-06-16,141.32392120361328
2021-06-17,140.4501159667969
2021-06-18,138.85942001342772
2021-06-21,140.05694885253905
2021-06-22,139.8920021057129
2021-06-23,137.86260147094725
2021-06-24,138.97292556762696
2021-06-28,139.02175064086913
2021-06-29,140.53006744384766
2021-06-30,139.5913833618164
2021-07-01,140.28428573608397
2021-07-02,140.62741165161134
2021-07-05,141.48041610717775
2021-07-06,140.95567932128907
2021-07-07,143.61456298828125
2021-07-08,141.46468200683594
2021-07-09,143.02469711303712
2021-07-12,144.05485000610352
2021-07-13,144.89875564575195
2021-07-14,145.27082138061525
2021-07-15,145.03826370239258
2021-07-16,144.1073791503906
2021-07-19,141.16909484863282
2021-07-20,141.93208084106445
2021-07-21,144.13013229370117
2021-07-22,144.73825225830078
2021-07-23,146.16752548217772
2021-07-26,145.72010879516603
2021-07-27,144.80109939575195
2021-07-28,144.97071533203126
2021-07-29,145.6260009765625
2021-07-30,145.18305587768555
2021-08-02,146.00570068359374
2021-08-03,146.23085021972656
2021-08-04,147.18982696533203
2021-08-05,147.03591766357422
2021-08-06,146.58430404663085
2021-08-09,146.84256820678712
2021-08-10,147.13156967163087
2021-08-11,148.03839416503905
2021-08-12,148.23162384033202
2021-08-13,147.87148513793946
2021-08-16,145.6322265625
2021-08-17,146.36662750244142
2021-08-18,144.7554672241211
2021-08-19,142.63621978759767
2021-08-20,144.6140167236328
2021-08-23,144.98027725219725
2021-08-24,144.6865249633789
2021-08-25,145.19073867797852
2021-08-26,145.40007781982422
2021-08-27,145.59715576171874
2021-08-30,146.46136550903321
2021-08-31,144.64799270629882
2021-09-01,144.8374038696289
2021-09-02,145.84062881469725
2021-09-03,144.96657943725586
2021-09-06,146.64060821533204
2021-09-07,145.89898452758788
2021-09-08,143.73988494873046
2021-09-09,144.130118560791
2021-09-10,144.32096328735352
2021-09-13,143.96171112060546
2021-09-14,144.5117546081543
2021-09-15,143.51923828125
2021-09-16,144.45025253295898
2021-09-17,142.9231689453125
2021-09-20,139.38366317749023
2021-09-21,139.18597640991212
2021-09-22,140.6279411315918
2021-09-23,142.91436538696288
2021-09-24,141.41911697387695
2021-09-27,141.84621047973633
2021-09-28,138.74080429077148
2021-09-29,138.463614654541
2021-09-30,138.78537979125977
2021-10-01,138.19475860595702
2021-10-04,136.52133407592774
2021-10-05,138.2831123352051
2021-10-06,136.19139099121094
2021-10-07,138.73619689941407
2021-10-08,137.757421875
2021-10-11,137.5850570678711
2021-10-12,138.65911102294922
2021-10-13,140.05195541381835
2021-10-14,141.0826301574707
2021-10-15,142.11798553466798
2021-10-18,141.6244369506836
2021-10-19,142.16706771850585
2021-10-20,142.3751365661621
2021-10-21,142.82556076049804
2021-10-22,145.8519187927246
2021-10-25,144.11814193725587
2021-10-26,144.11437911987304
2021-10-27,142.96526947021485
2021-10-28,143.1228515625
2021-10-29,142.55118865966796
2021-11-01,143.2614532470703
2021-11-02,144.0994094848633
2021-11-03,145.22197265625
2021-11-04,146.00990524291993
2021-11-05,146.31082077026366
2021-11-08,146.9571319580078
2021-11-09,146.50307006835936
2021-11-10,146.54054794311523
2021-11-11,147.8086784362793
2021-11-12,149.52262954711915
2021-11-15,149.80365219116212
2021-11-16,150.7583206176758
2021-11-17,151.98787384033204
2021-11-18,150.62944564819335
2021-11-19,151.16205902099608
2021-11-22,151.8005500793457
2021-11-23,149.35344848632812
2021-11-24,149.57584457397462
2021-11-25,150.89944458007812
2021-11-26,144.73236923217775
2021-11-29,146.35073318481446
2021-11-30,144.63547439575194
2021-12-01,147.2607749938965
2021-12-02,146.46260986328124
2021-12-03,144.88868103027343
2021-12-06,147.7745735168457
2021-12-07,150.8340057373047
2021-12-08,150.13125534057616
2021-12-09,149.4433723449707
2021-12-10,148.8894920349121
2021-12-13,148.52439727783204
2021-12-14,147.12841339111327
2021-12-15,147.43794708251954
2021-12-16,149.01728515625
2021-12-17,148.04518814086913
2021-12-20,146.6338150024414
2021-12-21,148.10513229370116
2021-12-22,149.1886894226074
2021-12-23,152.99819259643556
2021-12-27,154.30111923217774
2021-12-28,155.57708969116212
2021-12-29,155.6478416442871
2021-12-30,155.268807220459
2022-01-03,157.15488510131837
2022-01-04,158.2701675415039
2022-01-05,156.98819961547852
2022-01-07,154.9420959472656
2022-01-10,151.36725158691405
2022-01-11,152.65918502807617
2022-01-12,153.80457153320313
2022-01-13,153.3226806640625
2022-01-14,150.10392684936522
2022-01-17,150.8750732421875
2022-01-18,146.96969985961914
2022-01-19,147.6167755126953
2022-01-20,148.47266159057617
2022-01-21,146.11843643188476
2022-01-24,140.96839294433593
2022-01-25,141.7388999938965
2022-01-26,143.7198272705078
2022-01-27,143.52376708984374
2022-01-28,142.53187103271483
2022-01-31,144.19874725341796
2022-02-01,146.20246200561525
2022-02-02,147.31764221191406
2022-02-03,144.70243148803712
2022-02-04,142.43650512695314
2022-02-07,143.4582618713379
2022-02-08,143.3015609741211
2022-02-09,146.1685592651367
2022-02-10,145.51775283813475
2022-02-11,144.81524581909179
2022-02-14,141.3660774230957
2022-02-15,143.84940643310546
2022-02-16,142.5220687866211
2022-02-17,140.6873893737793
2022-02-18,139.07262573242187
2022-02-21,136.10762710571288
2022-02-22,136.08197555541992
2022-02-23,134.6852714538574
2022-02-24,129.9109245300293
2022-02-25,134.0384605407715
2022-02-28,132.15474014282228
2022-03-01,127.95080108642578
2022-03-02,128.4641487121582
2022-03-03,125.47994613647461
2022-03-04,120.95705108642578
2022-03-07,121.16243515014648
2022-03-08,121.09204788208008
2022-03-09,125.98802947998047
2022-03-10,126.11228866577149
2022-03-11,127.7548110961914
2022-03-14,130.45806655883788
2022-03-15,129.34670867919922
2022-03-16,134.93324279785156
2022-03-17,133.81951522827148
2022-03-18,135.29938201904298
2022-03-21,135.13192443847657
2022-03-22,135.18553314208984
2022-03-23,133.14107513427734
2022-03-24,131.7758934020996
2022-03-25,128.9276466369629
2022-03-28,130.72496643066407
2022-03-29,133.6265510559082
2022-03-30,131.34006958007814
2022-03-31,130.23196258544922
2022-04-01,132.056551361084
2022-04-04,132.17742080688475
2022-04-05,130.7359878540039
2022-04-06,129.04443969726563
2022-04-07,129.61156311035157
2022-04-08,131.35715942382814
2022-04-11,128.86887283325194
2022-04-12,129.02002334594727
2022-04-13,128.86080780029297
2022-04-14,128.51388778686524
2022-04-19,129.38525161743163
2022-04-20,130.81888122558593
2022-04-21,132.3963653564453
2022-04-22,133.0689437866211
2022-04-25,129.3921043395996
2022-04-26,127.59567184448242
2022-04-27,129.3769989013672
2022-04-28,128.34680099487304
2022-04-29,129.5889518737793
2022-05-02,126.9734992980957
2022-05-03,127.36149597167969
2022-05-04,126.43314361572266
2022-05-05,124.67743530273438
2022-05-06,123.19897842407227
2022-05-09,121.18036880493165
2022-05-10,122.6473503112793
2022-05-11,125.46332702636718
2022-05-12,124.76614990234376
2022-05-13,126.74204864501954
2022-05-16,125.84631729125977
2022-05-17,127.47809295654297
2022-05-18,125.68663864135742
2022-05-19,125.10885848999024
2022-05-20,124.96699981689453
2022-05-23,126.95649032592773
2022-05-24,126.00366668701172
2022-05-25,124.86374053955078
2022-05-27,129.71283569335938
2022-05-30,130.95407104492188
2022-05-31,128.7788848876953
2022-06-01,129.0199737548828
2022-06-02,131.2039878845215
2022-06-03,131.2079879760742
2022-06-07,131.497802734375
2022-06-08,131.0644073486328
2022-06-09,129.19193649291992
2022-06-10,126.75737380981445
2022-06-13,124.71032028198242
2022-06-14,122.9218635559082
2022-06-15,124.3333625793457
2022-06-16,120.79010620117188
2022-06-17,120.70205688476562
2022-06-20,121.03067016601562
2022-06-21,121.57165069580078
2022-06-22,121.25472717285156
2022-06-23,118.81773300170899
2022-06-27,122.7281105041504
2022-06-28,121.90205612182618
2022-06-29,121.9708625793457
2022-06-30,119.1886001586914
2022-07-01,119.85818252563476
2022-07-04,120.99425964355468
2022-07-05,118.7036018371582
2022-07-06,122.43317794799805
2022-07-07,124.86629104614258
2022-07-08,125.90982208251953
2022-07-11,123.63415908813477
2022-07-12,125.64456939697266
2022-07-13,123.88493423461914
2022-07-14,122.57706298828126
2022-07-15,122.1963722229004
2022-07-18,123.38379821777343
2022-07-19,126.19368743896484
2022-07-20,126.15177917480469
2022-07-21,126.94559707641602
2022-07-22,126.70528564453124
2022-07-25,126.24457702636718
2022-07-26,125.91141510009766
2022-07-27,126.40686492919922
2022-07-28,128.42768249511718
2022-07-29,130.95260772705078
2022-08-01,129.64507064819335
2022-08-02,128.35001220703126
2022-08-03,129.11909103393555
2022-08-04,130.22240295410157
2022-08-05,128.69718704223632
2022-08-08,130.1599609375
2022-08-09,128.03409957885742
2022-08-10,130.19135131835938
2022-08-11,130.1251419067383
2022-08-12,130.49041366577148
2022-08-15,131.1126449584961
2022-08-16,132.61408233642578
2022-08-17,130.9356719970703
2022-08-18,132.2407096862793
2022-08-19,131.35124740600585
2022-08-22,128.3024932861328
2022-08-23,127.61100387573242
2022-08-24,127.49297943115235
2022-08-25,127.50340728759765
2022-08-26,125.48398056030274
2022-08-29,124.4725326538086
2022-08-30,124.83710632324218
2022-08-31,122.63361892700195
2022-09-01,119.0102653503418
2022-09-02,122.98303909301758
2022-09-05,120.89882888793946
2022-09-06,120.97931365966797
2022-09-07,120.67990188598633
2022-09-08,121.52101058959961
2022-09-09,123.64285202026367
2022-09-12,126.11859130859375
2022-09-13,123.56351013183594
2022-09-14,122.15699081420898
2022-09-15,122.22545852661133
2022-09-16,120.13214530944825
2022-09-19,120.02085952758789
2022-09-20,118.57229843139649
2022-09-21,119.72463989257812
2022-09-22,116.74599609375
2022-09-23,115.37423210144043
2022-09-26,114.58536338806152
2022-09-27,115.21195564270019
2022-09-28,115.98005523681641
2022-09-29,113.2413990020752
2022-09-30,115.67963523864746
2022-10-03,116.39466209411621
2022-10-04,121.12554740905762
2022-10-05,119.41866989135742
2022-10-06,119.70329322814942
2022-10-07,116.9391357421875
2022-10-10,116.58321990966797
2022-10-11,116.55761108398437
2022-10-12,116.54709320068359
2022-10-13,117.67455863952637
2022-10-14,118.49162712097169
2022-10-17,121.28861274719239
2022-10-18,123.30245437622071
2022-10-19,122.3618537902832
2022-10-20,120.94564704895019
2022-10-21,121.57243690490722
2022-10-24,124.17266044616699
2022-10-25,126.57856826782226
2022-10-26,126.33000793457032
2022-10-27,126.74466018676758
2022-10-28,127.31207008361817
2022-10-31,126.7113109588623
2022-11-01,126.94543838500977
2022-11-02,126.95165061950684
2022-11-03,125.29571380615235
2022-11-04,128.0088176727295
2022-11-07,129.2769462585449
2022-11-08,131.27082290649415
2022-11-09,131.13227882385254
2022-11-10,136.11627578735352
2022-11-11,136.43624114990234
2022-11-14,136.47748718261718
2022-11-15,135.54353866577148
2022-11-16,134.539701461792
2022-11-17,134.1941120147705
2022-11-18,135.7504005432129
2022-11-21,135.74829711914063
2022-11-22,136.86317558288573
2022-11-23,137.87109756469727
2022-11-24,137.63806838989257
2022-11-25,138.54174690246583
2022-11-28,136.69805755615235
2022-11-29,136.2276454925537
2022-11-30,136.5446014404297
2022-12-01,138.2492832183838
2022-12-02,138.85443229675292
2022-12-05,139.58132553100586
2022-12-06,138.11475868225097
2022-12-07,136.19522132873536
2022-12-08,136.5644058227539
2022-12-09,138.3017635345459
2022-12-12,137.89860305786132
2022-12-13,140.35553398132325
2022-12-14,141.0572780609131
2022-12-15,137.1437717437744
2022-12-16,135.42232246398925
2022-12-19,135.9737922668457
2022-12-20,135.19584693908692
2022-12-21,136.83971786499023
2022-12-22,135.15588607788087
2022-12-23,135.89753112792968
2022-12-27,136.78777465820312
2022-12-28,135.70335273742677
2022-12-29,136.87645950317383
2022-12-30,135.034614944458
2023-01-02,136.86678733825684
2023-01-03,137.9051342010498
2023-01-04,139.79851570129395
2023-01-05,140.52813758850098
2023-01-09,143.6753993988037
2023-01-10,142.7337432861328
2023-01-11,144.63648109436036
2023-01-12,146.0273021697998
2023-01-13,145.28239212036132
2023-01-16,145.8430320739746
2023-01-17,144.98032341003417
2023-01-18,145.28153915405272
2023-01-19,142.2613296508789
2023-01-20,144.6549976348877
2023-01-23,145.61041831970215
2023-01-24,144.85374336242677
2023-01-25,144.1968173980713
2023-01-26,142.275532913208
2023-01-27,142.28152618408203
2023-01-30,143.01952896118163
2023-01-31,142.6632827758789
2023-02-01,142.7950355529785
2023-02-02,147.08037757873535
2023-02-03,147.15481872558593
2023-02-06,145.07811279296874
2023-02-07,145.0981388092041
2023-02-08,144.6311122894287
2023-02-09,143.79851875305175
2023-02-10,142.04028129577637
2023-02-13,144.10121231079103
2023-02-14,143.78412055969238
2023-02-15,145.07445831298827
2023-02-16,144.9159194946289
2023-02-17,144.94926376342772
2023-02-20,144.3627685546875
2023-02-21,143.41804542541504
2023-02-22,143.8232837677002
2023-02-23,144.52145614624024
2023-02-24,143.68146018981935
2023-02-27,145.03626403808593
2023-02-28,145.07450332641602
2023-03-01,144.4408878326416
2023-03-02,144.892911529541
2023-03-03,147.28245315551757
2023-03-06,147.40723037719727
2023-03-07,146.07968940734864
2023-03-08,146.02891006469727
2023-03-09,145.8058952331543
2023-03-10,142.5266441345215
2023-03-13,140.03512992858887
2023-03-14,142.22593879699707
2023-03-15,136.64715347290038
2023-03-16,139.17099952697754
2023-03-17,136.60408630371094
2023-03-20,138.69896202087403
2023-03-21,140.83257675170898
2023-03-22,141.3417911529541
2023-03-23,140.77192649841308
2023-03-24,137.52386817932128
2023-03-27,139.1144199371338
2023-03-28,139.3999988555908
2023-03-29,141.7907470703125
2023-03-30,144.84253044128417
2023-03-31,146.66197814941407
2023-04-03,146.35941276550292
2023-04-04,146.86489334106446
2023-04-05,144.99693489074707
2023-04-06,145.56877479553222
2023-04-11,147.07831497192382
2023-04-12,148.37834663391112
2023-04-13,148.53540687561036
2023-04-14,149.98429183959962
2023-04-17,149.96254806518556
2023-04-18,150.13097610473633
2023-04-19,149.55120887756348
2023-04-20,149.55983963012696
2023-04-21,148.87098236083983
2023-04-24,150.05194816589355
2023-04-25,149.66836395263672
2023-04-26,149.2860424041748
2023-04-27,152.2897834777832
2023-04-28,153.12828254699707
2023-05-02,151.75151672363282
2023-05-03,151.31362190246583
2023-05-04,151.0304096221924
2023-05-05,151.77994384765626
2023-05-08,151.5315818786621
2023-05-09,150.5355930328369
2023-05-10,148.86599578857422
2023-05-11,150.16839103698732
2023-05-12,150.46873512268067
2023-05-15,151.2651081085205
2023-05-16,150.59787712097167
2023-05-17,151.1521266937256
2023-05-19,154.19827156066896
2023-05-22,153.76602172851562
2023-05-23,152.11310882568358
2023-05-24,149.73607292175294
2023-05-25,149.873486328125
2023-05-26,152.6686061859131
2023-05-29,151.91089553833007
2023-05-30,151.2777992248535
2023-05-31,150.17907485961913
2023-06-01,151.30953216552734
2023-06-02,153.96045036315917
2023-06-05,154.31033668518066
2023-06-07,154.88896598815919
2023-06-08,154.64615898132325
2023-06-09,153.64695777893067
2023-06-12,153.3819465637207
2023-06-13,155.14563484191893
2023-06-14,155.10260581970215
2023-06-15,155.0768787384033
2023-06-16,155.89827079772948
2023-06-19,154.3628360748291
2023-06-20,153.11154441833497
2023-06-21,152.96376457214356
2023-06-22,151.11842346191406
2023-06-26,151.7093505859375
2023-06-27,152.01079406738282
2023-06-28,153.22732849121093
2023-06-29,153.5199359893799
2023-06-30,155.40067291259766
2023-07-03,155.05002975463867
2023-07-04,154.35425453186036
2023-07-05,153.02060661315917
2023-07-06,150.53917846679687
2023-07-07,150.97136344909669
2023-07-10,150.72362060546874
2023-07-11,150.76915435791017
2023-07-12,151.47679290771484
2023-07-13,151.6158073425293
2023-07-14,150.71290702819823
2023-07-17,150.91143417358398
2023-07-18,151.91995544433593
2023-07-19,150.40062675476074
2023-07-20,148.43363037109376
2023-07-21,149.38618011474608
2023-07-24,150.22986335754393
2023-07-25,151.39075775146483
2023-07-26,149.45315322875976
2023-07-27,150.30655899047852
2023-07-28,150.74067878723145
2023-07-31,150.38328285217284
2023-08-01,149.95959854125977
2023-08-02,149.08175964355468
2023-08-03,147.00558166503907
2023-08-04,147.83968048095704
2023-08-07,148.42374572753906
2023-08-08,147.16436996459962
2023-08-09,148.20593872070313
2023-08-10,149.20628852844237
2023-08-11,148.02290458679198
2023-08-14,148.44682693481445
2023-08-15,146.80595779418945
2023-08-16,147.08926963806152
2023-08-17,145.75841827392577
2023-08-18,145.55640449523926
2023-08-21,144.94583168029786
2023-08-22,145.4594539642334
2023-08-23,145.71297149658204
2023-08-24,145.16841011047364
2023-08-25,145.2322555541992
2023-08-28,146.96116218566894
2023-08-29,147.9674472808838
2023-08-30,147.6831184387207
2023-08-31,147.1408878326416
2023-09-01,146.97536544799806
2023-09-04,147.3735424041748
2023-09-05,148.24943885803222
2023-09-06,148.30654182434083
2023-09-07,146.49064903259278
2023-09-08,145.95976066589355
2023-09-11,147.14134788513184
2023-09-12,146.25126991271972
2023-09-13,145.1773551940918
2023-09-14,146.69355430603028
2023-09-15,147.8138526916504
2023-09-18,147.6079357147217
2023-09-19,147.10635414123536
2023-09-20,148.27737121582032
2023-09-21,146.74584274291993
2023-09-22,145.39899787902831
2023-09-25,144.99178581237794
2023-09-26,143.5795528411865
2023-09-27,143.13814888000488
2023-09-28,144.15019683837892
2023-09-29,145.0881103515625
2023-10-02,144.78849716186522
2023-10-03,143.75826454162598
2023-10-04,142.95747489929198
2023-10-05,143.63612785339356
2023-10-06,144.9782299041748
2023-10-09,143.51157035827637
2023-10-10,147.39732398986817
2023-10-11,147.91917724609374
2023-10-12,149.4700107574463
2023-10-13,148.3623062133789
2023-10-16,147.98795280456542
2023-10-17,146.74989738464356
2023-10-18,145.55407485961913
2023-10-19,144.35408821105958
2023-10-20,141.12370262145996
2023-10-23,140.11581153869628
2023-10-24,140.73403663635253
2023-10-25,140.91805572509764
2023-10-26,142.09279747009276
2023-10-27,141.22149314880372
2023-10-30,141.9023239135742
2023-10-31,142.97278022766113
2023-11-01,142.62099227905273
2023-11-02,144.93995208740233
2023-11-03,145.72814903259277
2023-11-06,145.22816467285156
2023-11-07,144.5548069000244
2023-11-08,144.38266372680664
2023-11-09,146.3289836883545
2023-11-10,145.44844093322754
2023-11-13,145.72673721313475
2023-11-14,148.54107475280762
2023-11-15,150.570951461792
2023-11-16,149.2169017791748
2023-11-17,150.46310157775878
2023-11-20,151.203515625
2023-11-21,150.70587158203125
2023-11-22,151.96783981323242
2023-11-23,152.4946434020996
2023-11-24,152.45425109863282
2023-11-27,152.68929443359374
2023-11-28,152.18771781921387
2023-11-29,153.08466644287108
2023-11-30,153.59190368652344
2023-12-01,154.46859893798828
2023-12-04,154.58907623291014
2023-12-05,155.78217964172364
2023-12-06,157.3866340637207
2023-12-07,157.38019256591798
2023-12-08,158.74876556396484
2023-12-11,160.46536407470703
2023-12-12,160.616614151001
2023-12-13,159.50513954162597
2023-12-14,161.39788665771485
2023-12-15,162.6699047088623
2023-12-18,161.65868759155273
2023-12-19,162.31105918884276
2023-12-20,162.66516151428223
2023-12-21,161.64224853515626
2023-12-22,161.7198127746582
2023-12-27,162.66514434814454
2023-12-28,162.60293045043946
2023-12-29,163.18051109313964
2024-01-02,163.08262825012207
2024-01-03,161.1453514099121
2024-01-04,161.06676063537597
2024-01-05,159.7348503112793
2024-01-08,160.59598770141602
2024-01-09,159.8637294769287
2024-01-10,160.03352432250978
2024-01-11,159.82545471191406
2024-01-12,161.95501403808595
2024-01-15,160.84782524108886
2024-01-16,160.02540168762206
2024-01-17,158.3785488128662
2024-01-18,157.93817100524902
2024-01-19,157.62956886291505
2024-01-22,159.93740844726562
2024-01-23,160.60336265563964
2024-01-24,161.37215690612794
2024-01-25,161.37358932495118
2024-01-26,161.5866901397705
2024-01-29,161.2762023925781
2024-01-30,161.68065490722657
2024-01-31,161.83703575134277
2024-02-01,162.61521224975587
2024-02-02,163.08907203674318
2024-02-05,160.75365409851074
2024-02-06,162.16133499145508
2024-02-07,161.85304565429686
2024-02-08,162.50346565246582
2024-02-09,161.72921333312988
2024-02-12,162.7639087677002
2024-02-13,162.14099082946777
2024-02-14,162.42209243774414
2024-02-15,163.77655372619628
2024-02-16,166.55926628112792
2024-02-19,166.6131607055664
2024-02-20,166.65395965576172
2024-02-21,167.14568862915038
2024-02-22,168.33734474182128
2024-02-23,169.42415199279785
2024-02-26,169.65961799621581
2024-02-27,169.50378303527833
2024-02-28,170.09674987792968
2024-02-29,170.40840682983398
2024-03-01,171.07848625183107
2024-03-04,170.8347396850586
2024-03-05,171.12831077575683
2024-03-06,172.08318099975585
2024-03-07,173.10369300842285
2024-03-08,174.32183799743652
2024-03-11,173.12126083374022
2024-03-12,175.90137748718263
2024-03-13,176.20594367980956
2024-03-14,176.17243003845215
2024-03-15,176.89616165161132
2024-03-18,174.5905460357666
2024-03-19,174.9898754119873
2024-03-20,174.6251663208008
2024-03-21,177.85259590148925
2024-03-22,178.38922462463378
2024-03-25,178.13637199401856
2024-03-26,179.11514053344726
2024-03-27,178.25673751831056
2024-03-28,176.33855819702148
2024-04-02,177.015710067749
2024-04-03,177.20491714477538
2024-04-04,178.0980037689209
2024-04-05,176.8426441192627
2024-04-08,177.7456081390381
2024-04-09,176.9518337249756
2024-04-10,177.0788146972656
2024-04-11,174.90109977722167
2024-04-12,175.59665031433104
2024-04-15,176.48489799499512
2024-04-16,174.2069984436035
2024-04-17,175.58460540771483
2024-04-18,176.36556701660157
2024-04-19,174.40769805908204
2024-04-22,174.15601539611816
2024-04-23,176.3878158569336
2024-04-24,178.37587394714356
2024-04-25,176.48146896362306
2024-04-26,178.93913154602052
2024-04-29,179.94283599853514
2024-04-30,179.72124176025392
2024-05-02,177.81757049560548
2024-05-03,178.66277732849122
2024-05-06,180.87110061645507
2024-05-07,183.11310310363768
2024-05-08,183.3208812713623
2024-05-10,185.7116527557373
2024-05-13,185.54481048583983
2024-05-14,185.87380714416503
2024-05-15,185.6716510772705
2024-05-16,183.81201820373536
2024-05-17,183.79754371643065
2024-05-20,186.5202896118164
2024-05-21,186.1155746459961
2024-05-22,186.68658142089845
2024-05-23,187.05422668457032
2024-05-24,185.6790283203125
2024-05-27,185.97391052246093
2024-05-28,184.80003700256347
2024-05-29,182.51208572387696
2024-05-30,182.98888206481934
2024-05-31,183.48828353881837
2024-06-03,184.1994758605957
2024-06-04,182.8204086303711
2024-06-05,184.90236129760743
2024-06-07,185.4342185974121
2024-06-10,183.58137893676758
2024-06-11,182.97694702148436
2024-06-12,185.87818984985353
2024-06-13,183.2711856842041
2024-06-14,181.11001472473146
2024-06-17,180.48730850219727
2024-06-18,181.24938888549804
2024-06-19,180.5361427307129
2024-06-20,181.63016815185546
2024-06-24,183.22949714660643
2024-06-25,180.6886085510254
2024-06-26,181.31665420532227
2024-06-27,180.9082229614258
2024-06-28,182.05736236572267
2024-07-01,183.61099510192872
2024-07-02,181.7878074645996
2024-07-03,182.08660392761232
2024-07-04,182.30944747924804
2024-07-05,181.15057411193848
2024-07-08,181.77725143432616
2024-07-09,179.4897647857666
2024-07-10,180.29501724243164
2024-07-11,182.03643264770508
2024-07-12,186.15993728637696
2024-07-15,184.19319839477538
2024-07-16,184.91003799438477
2024-07-17,183.03107147216798
2024-07-18,184.35884017944335
2024-07-19,183.84454574584962
2024-07-22,186.58142471313477
2024-07-23,186.05840377807618
2024-07-24,183.77368927001953
2024-07-25,183.43080673217773
2024-07-26,184.45656127929686
2024-07-29,184.56273498535157
2024-07-30,185.33457641601564
2024-07-31,186.3535583496094
2024-08-01,181.81383056640624
2024-08-02,176.6512710571289
2024-08-05,172.22967300415038
2024-08-06,172.29776763916016
2024-08-07,175.2131149291992
2024-08-08,175.67908630371093
2024-08-09,175.77507705688475
2024-08-12,175.52217483520508
2024-08-13,176.083975982666
2024-08-14,177.57400360107422
2024-08-15,179.4595634460449
2024-08-16,180.3842628479004
2024-08-19,181.06121063232422
2024-08-20,180.08083877563476
2024-08-21,179.90525131225587
2024-08-22,181.2684410095215
2024-08-23,182.3858154296875
2024-08-26,182.972811126709
2024-08-27,182.02834930419922
2024-08-28,182.80842361450195
2024-08-29,184.7341407775879
2024-08-30,185.32376403808593
2024-09-02,184.8914596557617
2024-09-03,183.3304801940918
2024-09-04,180.8233673095703
2024-09-05,179.3109573364258
2024-09-06,177.67650604248047
2024-09-09,179.78477401733397
2024-09-10,178.68428115844728
2024-09-11,178.57248764038087
2024-09-12,179.82717056274413
2024-09-13,180.9123405456543
2024-09-16,181.0841033935547
2024-09-17,182.56629180908203
2024-09-18,181.60636978149415
2024-09-19,185.0763427734375
2024-09-20,184.12364120483397
2024-09-23,183.94768676757812
2024-09-24,184.86968994140625
2024-09-25,185.99834060668945
2024-09-26,188.95414657592772
2024-09-27,189.5792022705078
2024-09-30,189.0207977294922
2024-10-01,187.21212768554688
2024-10-02,187.39443359375
2024-10-03,185.95459594726563
2024-10-04,187.16129379272462
2024-10-07,187.0236343383789
2024-10-08,185.98349227905274
2024-10-09,186.75799636840821
2024-10-10,185.3762321472168
2024-10-11,186.5862724304199
2024-10-14,187.49795989990236
2024-10-15,185.7103286743164
2024-10-16,185.7211654663086
2024-10-17,185.82890548706055
2024-10-18,187.516837310791
2024-10-21,185.78623809814454
2024-10-22,184.77577438354493
2024-10-23,184.84512634277343
2024-10-24,183.02046661376954
2024-10-25,184.59136657714845
2024-10-28,187.58294677734375
2024-10-29,186.55812454223633
2024-10-30,184.33457641601564
2024-10-31,182.18290023803712
2024-11-01,183.21421432495117
2024-11-04,183.57893295288085
2024-11-05,184.1916763305664
2024-11-06,183.2331344604492
2024-11-07,186.429679107666
2024-11-08,184.20354766845702
2024-11-11,185.36803970336913
2024-11-12,180.67450942993165
2024-11-13,179.84113006591798
2024-11-14,181.101953125
2024-11-15,179.8761360168457
2024-11-18,179.94671401977538
2024-11-19,178.40505676269532
2024-11-20,177.79384536743163
2024-11-21,178.82766876220703
2024-11-22,179.82218704223632
2024-11-25,179.56290664672852
2024-11-26,178.77807846069337
2024-11-27,179.067130279541
2024-11-28,179.78472137451172
2024-11-29,179.94276428222656
2024-12-02,182.62620849609374
2024-12-03,184.06329574584962
2024-12-04,185.92255325317382
2024-12-05,187.1532066345215
2024-12-06,187.3141342163086
2024-12-09,187.8668067932129
2024-12-10,186.16960067749022
2024-12-11,185.0769836425781
2024-12-12,184.5051170349121
2024-12-13,183.4124725341797
2024-12-16,182.4698127746582
2024-12-17,181.86463165283203
2024-12-18,182.01655044555665
2024-12-19,178.75341415405273
2024-12-20,177.46944351196288
2024-12-23,177.42574310302734
2024-12-27,178.86993865966798
2024-12-30,178.34839477539063
2025-01-02,180.18979187011718
2025-01-03,180.1822067260742
2025-01-07,183.86291885375977
2025-01-08,184.1599479675293
2025-01-09,184.74281005859376
2025-01-10,182.72661209106445
2025-01-13,181.8061264038086
2025-01-14,182.5366409301758
2025-01-15,185.83819122314452
2025-01-16,186.71892318725585
2025-01-17,190.07655334472656
2025-01-20,189.94183197021485
2025-01-21,191.48851013183594
2025-01-22,191.82277755737306
2025-01-23,192.76609497070314
2025-01-24,192.61072463989257
2025-01-27,191.0078598022461
2025-01-28,189.38739471435548
2025-01-29,191.47516555786132
2025-01-30,192.9755874633789
2025-01-31,192.6530746459961
2025-02-03,189.83449478149413
2025-02-04,190.13534088134764
2025-02-05,189.29991455078124
2025-02-06,192.13918685913086
2025-02-07,191.25770568847656
2025-02-10,192.2625648498535
2025-02-11,192.81383666992187
2025-02-12,194.02521743774415
2025-02-13,197.32793045043945
2025-02-14,196.9547378540039
2025-02-17,198.51605606079102
2025-02-18,199.9025550842285
2025-02-19,196.65023345947264
2025-02-20,197.78325805664062
2025-02-21,197.70856399536132
2025-02-24,197.3362129211426
2025-02-25,198.36100692749022
2025-02-26,201.5433250427246
2025-02-27,199.5103302001953
2025-02-28,198.4137939453125
2025-03-03,200.06481475830077
2025-03-04,193.21982192993164
2025-03-05,198.4079490661621
2025-03-06,198.63468704223632
2025-03-07,198.61306915283203
2025-03-10,197.3018997192383
2025-03-11,192.6501609802246
2025-03-12,192.89980926513672
2025-03-13,191.74831619262696
2025-03-14,194.3722999572754
2025-03-17,194.88921737670898
2025-03-18,194.5854705810547
2025-03-19,193.65543670654296
2025-03-20,193.0846740722656
2025-03-21,189.60560989379883
2025-03-24,189.494229888916
2025-03-25,190.47634658813476
2025-03-26,188.53591918945312
2025-03-27,187.30095138549805
2025-03-28,185.44825820922853
2025-03-31,181.43200225830077
2025-04-01,182.3141761779785
2025-04-02,180.8349708557129
2025-04-03,173.35649642944335
2025-04-04,166.90552673339843
2025-04-07,158.52868728637696
2025-04-08,161.6196159362793
2025-04-09,156.7289825439453
2025-04-10,164.98952941894532
2025-04-11,164.32182922363282
2025-04-14,168.36218948364257
2025-04-15,172.52122497558594
2025-04-16,171.3747459411621
2025-04-17,170.0736541748047
2025-04-22,171.35815048217773
2025-04-23,173.18229141235352
2025-04-24,172.8010627746582
2025-04-25,175.1062271118164
2025-04-28,175.38822555541992
2025-04-29,173.34697418212892
2025-04-30,176.07586975097655
2025-05-02,177.95830841064452
2025-05-05,177.82542419433594
2025-05-06,175.1036361694336
2025-05-07,175.5365898132324
2025-05-08,176.73209686279296
2025-05-09,177.2303939819336
2025-05-12,184.06304855346679
2025-05-13,184.04327545166015
2025-05-14,183.10357055664062
2025-05-15,184.98553390502929
2025-05-16,184.78719329833984
2025-05-19,185.06237335205077
2025-05-20,186.0563201904297
2025-05-21,184.90021896362305
2025-05-22,180.90858154296876
2025-05-23,179.09635238647462
2025-05-26,181.70380020141602
2025-05-27,181.7301254272461
2025-05-28,181.13865661621094
2025-05-30,179.95224304199218
2025-06-02,178.45295257568358
2025-06-03,178.50701751708985
2025-06-04,180.5447982788086
2025-06-05,180.91144332885742
2025-06-09,180.95940399169922
2025-06-10,181.91352462768555
2025-06-11,180.4786605834961
2025-06-12,179.2078628540039
2025-06-13,176.80646057128905
2025-06-16,178.01043548583985
2025-06-17,176.39762420654296
2025-06-18,175.812841796875
2025-06-19,175.25014877319336
2025-06-23,173.98210830688475
2025-06-24,176.33197097778321
2025-06-25,175.62684860229493
2025-06-26,175.07123031616212
2025-06-27,179.98612365722656
2025-06-30,178.77948837280275
2025-07-01,178.8378707885742
2025-07-02,181.5274429321289
2025-07-03,181.82207260131835
2025-07-04,180.41651077270507
2025-07-07,180.43366317749025
2025-07-08,181.40927810668944
2025-07-09,182.73516693115235
2025-07-10,186.15116348266602
2025-07-11,183.15689086914062
2025-07-14,182.23448638916017
2025-07-15,181.99473342895507
2025-07-16,181.64829177856444
2025-07-17,181.9200241088867
2025-07-18,179.03650970458983
2025-07-21,180.11165924072264
2025-07-22,179.3930549621582
2025-07-23,183.5319694519043
2025-07-24,183.96736068725585
2025-07-25,184.59627532958984
2025-07-28,183.6023826599121
2025-07-29,183.85496520996094
2025-07-30,183.7925064086914
2025-07-31,181.67891387939454
2025-08-01,178.36701202392578
2025-08-04,179.26956024169922
2025-08-05,179.79834671020507
2025-08-06,179.94607696533203
2025-08-07,182.7632614135742
2025-08-08,183.8576789855957
2025-08-11,182.90077590942383
2025-08-12,183.7560791015625
2025-08-13,184.6251998901367
2025-08-14,185.99620361328124
2025-08-15,186.65438842773438
2025-08-18,185.34846420288085
2025-08-19,188.24527969360352
2025-08-20,187.66496963500975
2025-08-21,186.5023063659668
2025-08-22,189.52067184448242
2025-08-25,188.27123260498047
2025-08-26,187.41347122192383
2025-08-27,186.6611587524414
2025-08-28,186.7217987060547
2025-08-29,185.71617889404297
2025-09-01,186.4158706665039
2025-09-02,182.57148284912108
2025-09-03,183.7021911621094
2025-09-04,184.87481994628905
2025-09-05,186.45955810546874
2025-09-08,187.4648468017578
2025-09-09,187.1091621398926
2025-09-10,186.47062911987305
2025-09-11,186.61950607299804
2025-09-12,186.6620018005371
2025-09-15,186.78661041259767
2025-09-16,185.77424163818358
2025-09-17,186.17961349487305
2025-09-18,188.01182022094727
2025-09-19,188.6033935546875
2025-09-22,188.26605224609375
2025-09-23,190.78106765747071
2025-09-24,188.6638214111328
2025-09-25,186.83516616821288
2025-09-26,188.85785446166992
2025-09-29,188.47468185424805
2025-09-30,189.46820449829102
2025-10-01,190.02715911865235
2025-10-02,193.168692779541
2025-10-03,194.50244064331054
2025-10-06,195.24196014404296
2025-10-07,193.40969772338866
2025-10-08,194.3068977355957
2025-10-09,193.7588020324707
2025-10-10,192.42417221069337
2025-10-13,192.64611129760743
2025-10-14,193.71772308349608
2025-10-15,195.13306732177733
2025-10-16,196.5430877685547
2025-10-17,193.170662689209
2025-10-20,196.46913299560546
2025-10-21,197.46863861083983
2025-10-22,196.74119491577147
2025-10-23,197.50664596557618
2025-10-24,199.55156326293945
2025-10-27,200.7143424987793
2025-10-28,199.48010177612304
2025-10-29,199.27195205688477
2025-10-30,199.68521881103516
2025-10-31,198.2455062866211
2025-11-03,197.47788619995117
2025-11-04,196.34822998046874
2025-11-05,197.60714569091797
2025-11-06,197.3330047607422
2025-11-07,196.80199813842773
2025-11-10,198.34100341796875
2025-11-11,200.86799850463868
2025-11-12,201.85299682617188
2025-11-13,200.03100051879883
2025-11-14,198.1310012817383
2025-11-17,196.33299865722657
2025-11-18,192.38100204467773
2025-11-19,193.57299728393554
2025-11-20,194.64700012207032
2025-11-21,195.11600036621093
2025-11-24,196.9639991760254
2025-11-25,199.83200149536134
2025-11-26,200.73300170898438
2025-11-27,201.45899963378906
2025-11-28,201.13800125122071
2025-12-01,201.66599655151367
2025-12-02,201.7410011291504
2025-12-03,201.33099899291992
2025-12-04,204.0949966430664
2025-12-05,204.99699859619142
2025-12-08,204.76399993896484
